<?xml version="1.0" encoding="UTF-8" standalone="yes"?>
<customers>
    <customer full-name="Taina Achenbach" bought-cars="7" spent-money="20104.580000000013"/>
    <customer full-name="Daniele Zarate" bought-cars="5" spent-money="19277.68000000001"/>
    <customer full-name="Brett Brickley" bought-cars="4" spent-money="17583.589999999997"/>
    <customer full-name="Yvonne Mccalla" bought-cars="4" spent-money="15914.769999999995"/>
    <customer full-name="Cinthia Lasala" bought-cars="4" spent-money="14971.499999999996"/>
    <customer full-name="Hipolito Lamoreaux" bought-cars="6" spent-money="14927.489999999993"/>
    <customer full-name="Audrea Cardinal" bought-cars="5" spent-money="14747.319999999994"/>
    <customer full-name="Louann Holzworth" bought-cars="5" spent-money="14321.409999999996"/>
    <customer full-name="Nisha Markwell" bought-cars="5" spent-money="14217.699999999995"/>
    <customer full-name="Marcelle Griego" bought-cars="6" spent-money="14033.089999999995"/>
    <customer full-name="Teddy Hobby" bought-cars="4" spent-money="13990.189999999995"/>
    <customer full-name="Rema Revelle" bought-cars="2" spent-money="13935.309999999998"/>
    <customer full-name="Zada Attwood" bought-cars="4" spent-money="13365.989999999996"/>
    <customer full-name="Rico Peer" bought-cars="4" spent-money="12798.539999999995"/>
    <customer full-name="Natalie Poli" bought-cars="2" spent-money="12070.159999999998"/>
    <customer full-name="Carri Knapik" bought-cars="3" spent-money="11611.639999999996"/>
    <customer full-name="Hai Everton" bought-cars="4" spent-money="9876.459999999995"/>
    <customer full-name="Johnette Derryberry" bought-cars="3" spent-money="9532.739999999998"/>
    <customer full-name="Faustina Burgher" bought-cars="4" spent-money="9179.649999999996"/>
    <customer full-name="Garret Capron" bought-cars="2" spent-money="8525.359999999997"/>
    <customer full-name="Emmitt Benally" bought-cars="3" spent-money="7622.529999999996"/>
    <customer full-name="Ann Mcenaney" bought-cars="3" spent-money="7439.749999999997"/>
    <customer full-name="Carole Witman" bought-cars="2" spent-money="6567.309999999999"/>
    <customer full-name="Donnetta Soliz" bought-cars="2" spent-money="6501.409999999998"/>
    <customer full-name="Kristian Engberg" bought-cars="2" spent-money="4986.499999999999"/>
    <customer full-name="Sylvie Mcelravy" bought-cars="2" spent-money="4570.1799999999985"/>
    <customer full-name="Oren Perlman" bought-cars="1" spent-money="2232.24"/>
    <customer full-name="Lino Subia" bought-cars="1" spent-money="1345.27"/>
    <customer full-name="Jimmy Grossi" bought-cars="1" spent-money="797.82"/>
</customers>
