<?xml version="1.0" encoding="UTF-8" standalone="yes"?>
<sales>
    <sale>
        <car make="Great Wall" model="Haval M4" travelled-distance="9223372035807"/>
        <customer-name>Donnetta Soliz</customer-name>
        <discount>0.05</discount>
        <price>3012.16</price>
        <price-with-discount>2861.5519999999997</price-with-discount>
    </sale>
    <sale>
        <car make="Rolls-Royce" model="Ghost" travelled-distance="214747"/>
        <customer-name>Faustina Burgher</customer-name>
        <discount>0.1</discount>
        <price>564.9399999999999</price>
        <price-with-discount>508.4459999999999</price-with-discount>
    </sale>
    <sale>
        <car make="Ferrari" model="F40" travelled-distance="21447"/>
        <customer-name>Jimmy Grossi</customer-name>
        <discount>0.1</discount>
        <price>797.8199999999999</price>
        <price-with-discount>718.038</price-with-discount>
    </sale>
    <sale>
        <car make="Great Wall" model="H2" travelled-distance="9236854775807"/>
        <customer-name>Daniele Zarate</customer-name>
        <discount>0.1</discount>
        <price>1983.79</price>
        <price-with-discount>1785.411</price-with-discount>
    </sale>
    <sale>
        <car make="Alfa Romeo" model="75" travelled-distance="72036854775807"/>
        <customer-name>Taina Achenbach</customer-name>
        <discount>0.1</discount>
        <price>900.7</price>
        <price-with-discount>810.6300000000001</price-with-discount>
    </sale>
    <sale>
        <car make="Dacia" model="Logan" travelled-distance="922337203687"/>
        <customer-name>Taina Achenbach</customer-name>
        <discount>0.15</discount>
        <price>9541.61</price>
        <price-with-discount>8110.3685000000005</price-with-discount>
    </sale>
    <sale>
        <car make="Seat" model="Mii" travelled-distance="92236854775807"/>
        <customer-name>Hai Everton</customer-name>
        <discount>0.35</discount>
        <price>1109.8700000000001</price>
        <price-with-discount>721.4155000000001</price-with-discount>
    </sale>
    <sale>
        <car make="Renault" model="Alaskan" travelled-distance="2647"/>
        <customer-name>Brett Brickley</customer-name>
        <discount>0.1</discount>
        <price>8056.309999999999</price>
        <price-with-discount>7250.678999999998</price-with-discount>
    </sale>
    <sale>
        <car make="Dacia" model="Logan" travelled-distance="922337203687"/>
        <customer-name>Natalie Poli</customer-name>
        <discount>0.0</discount>
        <price>9541.61</price>
        <price-with-discount>9541.61</price-with-discount>
    </sale>
    <sale>
        <car make="Peugeot" model="405" travelled-distance="92236854775807"/>
        <customer-name>Ann Mcenaney</customer-name>
        <discount>0.1</discount>
        <price>1754.16</price>
        <price-with-discount>1578.7440000000001</price-with-discount>
    </sale>
    <sale>
        <car make="Fiat" model="Panda" travelled-distance="21474837"/>
        <customer-name>Ann Mcenaney</customer-name>
        <discount>0.1</discount>
        <price>3009.7799999999997</price>
        <price-with-discount>2708.8019999999997</price-with-discount>
    </sale>
    <sale>
        <car make="Nissan" model="Rogue" travelled-distance="214647"/>
        <customer-name>Lino Subia</customer-name>
        <discount>0.3</discount>
        <price>1345.27</price>
        <price-with-discount>941.6890000000001</price-with-discount>
    </sale>
    <sale>
        <car make="Great Wall" model="Haval H6" travelled-distance="214747"/>
        <customer-name>Marcelle Griego</customer-name>
        <discount>0.1</discount>
        <price>3868.0799999999986</price>
        <price-with-discount>3481.2719999999986</price-with-discount>
    </sale>
    <sale>
        <car make="Fiat" model="Panda 4x4" travelled-distance="92233736854775807"/>
        <customer-name>Hipolito Lamoreaux</customer-name>
        <discount>0.45</discount>
        <price>1903.0700000000002</price>
        <price-with-discount>1046.6885000000002</price-with-discount>
    </sale>
    <sale>
        <car make="Nissan" model="370Z" travelled-distance="922775807"/>
        <customer-name>Teddy Hobby</customer-name>
        <discount>0.05</discount>
        <price>4832.859999999999</price>
        <price-with-discount>4591.216999999999</price-with-discount>
    </sale>
    <sale>
        <car make="Opel" model="Astra" travelled-distance="922337203685807"/>
        <customer-name>Donnetta Soliz</customer-name>
        <discount>0.35</discount>
        <price>3489.25</price>
        <price-with-discount>2268.0125</price-with-discount>
    </sale>
    <sale>
        <car make="Mercedes" model="W211" travelled-distance="47757"/>
        <customer-name>Ann Mcenaney</customer-name>
        <discount>0.2</discount>
        <price>2675.8099999999995</price>
        <price-with-discount>2140.6479999999997</price-with-discount>
    </sale>
    <sale>
        <car make="Toyota" model="Tacoma" travelled-distance="21474647"/>
        <customer-name>Kristian Engberg</customer-name>
        <discount>0.1</discount>
        <price>2302.25</price>
        <price-with-discount>2072.025</price-with-discount>
    </sale>
    <sale>
        <car make="Nissan" model="370Z" travelled-distance="21477"/>
        <customer-name>Daniele Zarate</customer-name>
        <discount>0.3</discount>
        <price>8831.49</price>
        <price-with-discount>6182.043</price-with-discount>
    </sale>
    <sale>
        <car make="Ford" model="Torino" travelled-distance="2147"/>
        <customer-name>Louann Holzworth</customer-name>
        <discount>0.3</discount>
        <price>1086.54</price>
        <price-with-discount>760.578</price-with-discount>
    </sale>
    <sale>
        <car make="Lamborghini" model="Diablo" travelled-distance="2147483647"/>
        <customer-name>Johnette Derryberry</customer-name>
        <discount>0.1</discount>
        <price>4765.0999999999985</price>
        <price-with-discount>4288.589999999998</price-with-discount>
    </sale>
    <sale>
        <car make="Mercedes" model="A 140" travelled-distance="92233754775807"/>
        <customer-name>Audrea Cardinal</customer-name>
        <discount>0.0</discount>
        <price>2979.249999999999</price>
        <price-with-discount>2979.249999999999</price-with-discount>
    </sale>
    <sale>
        <car make="Great Wall" model="Wingle 5" travelled-distance="214747"/>
        <customer-name>Louann Holzworth</customer-name>
        <discount>0.1</discount>
        <price>3800.1599999999994</price>
        <price-with-discount>3420.1439999999993</price-with-discount>
    </sale>
    <sale>
        <car make="Ferrari" model="Enzo" travelled-distance="2147483647"/>
        <customer-name>Yvonne Mccalla</customer-name>
        <discount>0.45</discount>
        <price>4092.2699999999995</price>
        <price-with-discount>2250.7484999999997</price-with-discount>
    </sale>
    <sale>
        <car make="Nissan" model="Rogue" travelled-distance="214647"/>
        <customer-name>Faustina Burgher</customer-name>
        <discount>0.1</discount>
        <price>1345.27</price>
        <price-with-discount>1210.743</price-with-discount>
    </sale>
    <sale>
        <car make="Fiat" model="Panda" travelled-distance="21447"/>
        <customer-name>Louann Holzworth</customer-name>
        <discount>0.0</discount>
        <price>4273.389999999999</price>
        <price-with-discount>4273.389999999999</price-with-discount>
    </sale>
    <sale>
        <car make="Toyota" model="Corolla" travelled-distance="9223854775807"/>
        <customer-name>Marcelle Griego</customer-name>
        <discount>0.25</discount>
        <price>1982.1200000000001</price>
        <price-with-discount>1486.5900000000001</price-with-discount>
    </sale>
    <sale>
        <car make="Opel" model="Omega" travelled-distance="2147483647"/>
        <customer-name>Audrea Cardinal</customer-name>
        <discount>0.0</discount>
        <price>2968.3999999999996</price>
        <price-with-discount>2968.3999999999996</price-with-discount>
    </sale>
    <sale>
        <car make="BMW" model="X6 M" travelled-distance="483647"/>
        <customer-name>Brett Brickley</customer-name>
        <discount>0.45</discount>
        <price>3256.0499999999993</price>
        <price-with-discount>1790.8274999999996</price-with-discount>
    </sale>
    <sale>
        <car make="Toyota" model="Prius" travelled-distance="925807"/>
        <customer-name>Faustina Burgher</customer-name>
        <discount>0.2</discount>
        <price>3626.1399999999985</price>
        <price-with-discount>2900.911999999999</price-with-discount>
    </sale>
    <sale>
        <car make="Toyota" model="Yaris" travelled-distance="21477"/>
        <customer-name>Cinthia Lasala</customer-name>
        <discount>0.35</discount>
        <price>2118.65</price>
        <price-with-discount>1377.1225</price-with-discount>
    </sale>
    <sale>
        <car make="Chevy" model="Camaro" travelled-distance="922335807"/>
        <customer-name>Taina Achenbach</customer-name>
        <discount>0.05</discount>
        <price>1268.21</price>
        <price-with-discount>1204.7995</price-with-discount>
    </sale>
    <sale>
        <car make="Toyota" model="Corolla" travelled-distance="92235807"/>
        <customer-name>Hipolito Lamoreaux</customer-name>
        <discount>0.35</discount>
        <price>638.7</price>
        <price-with-discount>415.1550000000001</price-with-discount>
    </sale>
    <sale>
        <car make="Mercedes" model="W211" travelled-distance="92775807"/>
        <customer-name>Audrea Cardinal</customer-name>
        <discount>0.4</discount>
        <price>3471.1099999999988</price>
        <price-with-discount>2082.6659999999993</price-with-discount>
    </sale>
    <sale>
        <car make="Mercedes" model="W210" travelled-distance="2147483647"/>
        <customer-name>Yvonne Mccalla</customer-name>
        <discount>0.2</discount>
        <price>7939.119999999999</price>
        <price-with-discount>6351.295999999999</price-with-discount>
    </sale>
    <sale>
        <car make="Fiat" model="500 (2007) Abarth 695 Tributo Maserati" travelled-distance="92236854775807"/>
        <customer-name>Sylvie Mcelravy</customer-name>
        <discount>0.05</discount>
        <price>3678.2699999999986</price>
        <price-with-discount>3494.3564999999985</price-with-discount>
    </sale>
    <sale>
        <car make="Opel" model="Insignia" travelled-distance="9223372036854775807"/>
        <customer-name>Louann Holzworth</customer-name>
        <discount>0.05</discount>
        <price>4077.9699999999993</price>
        <price-with-discount>3874.0714999999996</price-with-discount>
    </sale>
    <sale>
        <car make="Citroen" model="C3" travelled-distance="2147647"/>
        <customer-name>Nisha Markwell</customer-name>
        <discount>0.05</discount>
        <price>2386.7299999999996</price>
        <price-with-discount>2267.3934999999997</price-with-discount>
    </sale>
    <sale>
        <car make="Dacia" model="Sandero Stepway" travelled-distance="92233724775807"/>
        <customer-name>Carole Witman</customer-name>
        <discount>0.0</discount>
        <price>3111.5499999999993</price>
        <price-with-discount>3111.5499999999993</price-with-discount>
    </sale>
    <sale>
        <car make="Opel" model="Corsa" travelled-distance="2"/>
        <customer-name>Taina Achenbach</customer-name>
        <discount>0.15</discount>
        <price>2661.7599999999993</price>
        <price-with-discount>2262.495999999999</price-with-discount>
    </sale>
    <sale>
        <car make="Mercedes" model="W212" travelled-distance="927"/>
        <customer-name>Nisha Markwell</customer-name>
        <discount>0.0</discount>
        <price>1959.69</price>
        <price-with-discount>1959.69</price-with-discount>
    </sale>
    <sale>
        <car make="Ferrari" model="F40" travelled-distance="2647"/>
        <customer-name>Zada Attwood</customer-name>
        <discount>0.2</discount>
        <price>3959.9699999999993</price>
        <price-with-discount>3167.9759999999997</price-with-discount>
    </sale>
    <sale>
        <car make="Ford" model="Torino" travelled-distance="2147"/>
        <customer-name>Marcelle Griego</customer-name>
        <discount>0.15</discount>
        <price>1086.54</price>
        <price-with-discount>923.559</price-with-discount>
    </sale>
    <sale>
        <car make="Chevy" model="Cruze" travelled-distance="92775807"/>
        <customer-name>Nisha Markwell</customer-name>
        <discount>0.05</discount>
        <price>4875.969999999998</price>
        <price-with-discount>4632.171499999999</price-with-discount>
    </sale>
    <sale>
        <car make="Ferrari" model="250 GTO" travelled-distance="214747"/>
        <customer-name>Rema Revelle</customer-name>
        <discount>0.1</discount>
        <price>8714.16</price>
        <price-with-discount>7842.744</price-with-discount>
    </sale>
    <sale>
        <car make="Ferrari" model="250 GTO" travelled-distance="214747"/>
        <customer-name>Yvonne Mccalla</customer-name>
        <discount>0.45</discount>
        <price>1814.17</price>
        <price-with-discount>997.7935</price-with-discount>
    </sale>
    <sale>
        <car make="Toyota" model="Prius" travelled-distance="922335807"/>
        <customer-name>Audrea Cardinal</customer-name>
        <discount>0.1</discount>
        <price>2994.56</price>
        <price-with-discount>2695.104</price-with-discount>
    </sale>
    <sale>
        <car make="Ford" model="Pinto" travelled-distance="922337807"/>
        <customer-name>Cinthia Lasala</customer-name>
        <discount>0.15</discount>
        <price>4624.8099999999995</price>
        <price-with-discount>3931.0884999999994</price-with-discount>
    </sale>
    <sale>
        <car make="Nissan" model="Versa" travelled-distance="9223775807"/>
        <customer-name>Taina Achenbach</customer-name>
        <discount>0.05</discount>
        <price>1511.99</price>
        <price-with-discount>1436.3905</price-with-discount>
    </sale>
    <sale>
        <car make="Peugeot" model="206" travelled-distance="214748347"/>
        <customer-name>Rema Revelle</customer-name>
        <discount>0.15</discount>
        <price>5221.15</price>
        <price-with-discount>4437.9775</price-with-discount>
    </sale>
    <sale>
        <car make="Chevy" model="Malibu" travelled-distance="922337775807"/>
        <customer-name>Hipolito Lamoreaux</customer-name>
        <discount>0.45</discount>
        <price>2870.07</price>
        <price-with-discount>1578.5385</price-with-discount>
    </sale>
    <sale>
        <car make="Nissan" model="Versa" travelled-distance="922775807"/>
        <customer-name>Emmitt Benally</customer-name>
        <discount>0.35</discount>
        <price>3106.8899999999994</price>
        <price-with-discount>2019.4784999999997</price-with-discount>
    </sale>
    <sale>
        <car make="Rolls-Royce" model="Phantom" travelled-distance="214647"/>
        <customer-name>Daniele Zarate</customer-name>
        <discount>0.0</discount>
        <price>2426.9300000000003</price>
        <price-with-discount>2426.9300000000003</price-with-discount>
    </sale>
    <sale>
        <car make="Renault" model="Alaskan" travelled-distance="21447"/>
        <customer-name>Taina Achenbach</customer-name>
        <discount>0.2</discount>
        <price>1418.06</price>
        <price-with-discount>1134.4479999999999</price-with-discount>
    </sale>
    <sale>
        <car make="Fiat" model="Freemont" travelled-distance="214647"/>
        <customer-name>Nisha Markwell</customer-name>
        <discount>0.0</discount>
        <price>1272.1499999999999</price>
        <price-with-discount>1272.1499999999999</price-with-discount>
    </sale>
    <sale>
        <car make="Nissan" model="Altima" travelled-distance="213647"/>
        <customer-name>Hai Everton</customer-name>
        <discount>0.05</discount>
        <price>2869.039999999999</price>
        <price-with-discount>2725.5879999999993</price-with-discount>
    </sale>
    <sale>
        <car make="Mercedes" model="W202" travelled-distance="2147647"/>
        <customer-name>Sylvie Mcelravy</customer-name>
        <discount>0.05</discount>
        <price>891.9100000000001</price>
        <price-with-discount>847.3145000000001</price-with-discount>
    </sale>
    <sale>
        <car make="Nissan" model="GT-R" travelled-distance="2147447"/>
        <customer-name>Teddy Hobby</customer-name>
        <discount>0.45</discount>
        <price>2843.8999999999996</price>
        <price-with-discount>1564.1449999999998</price-with-discount>
    </sale>
    <sale>
        <car make="Ford" model="GT40" travelled-distance="9223377"/>
        <customer-name>Hipolito Lamoreaux</customer-name>
        <discount>0.15</discount>
        <price>2930.08</price>
        <price-with-discount>2490.568</price-with-discount>
    </sale>
    <sale>
        <car make="Mercedes" model="A 160 CDI" travelled-distance="4775807"/>
        <customer-name>Nisha Markwell</customer-name>
        <discount>0.3</discount>
        <price>3723.1599999999994</price>
        <price-with-discount>2606.2119999999995</price-with-discount>
    </sale>
    <sale>
        <car make="Fiat" model="500 (2007) Abarth 695 Tributo Maserati" travelled-distance="92236854775807"/>
        <customer-name>Teddy Hobby</customer-name>
        <discount>0.35</discount>
        <price>3678.2699999999986</price>
        <price-with-discount>2390.875499999999</price-with-discount>
    </sale>
    <sale>
        <car make="Opel" model="Omega" travelled-distance="2147483647"/>
        <customer-name>Marcelle Griego</customer-name>
        <discount>0.1</discount>
        <price>2968.3999999999996</price>
        <price-with-discount>2671.5599999999995</price-with-discount>
    </sale>
    <sale>
        <car make="Peugeot" model="306" travelled-distance="2147483647"/>
        <customer-name>Yvonne Mccalla</customer-name>
        <discount>0.15</discount>
        <price>2069.21</price>
        <price-with-discount>1758.8285</price-with-discount>
    </sale>
    <sale>
        <car make="Citroen" model="C5" travelled-distance="922337204775807"/>
        <customer-name>Rico Peer</customer-name>
        <discount>0.25</discount>
        <price>1653.22</price>
        <price-with-discount>1239.915</price-with-discount>
    </sale>
    <sale>
        <car make="Ferrari" model="Daytona" travelled-distance="2147447"/>
        <customer-name>Rico Peer</customer-name>
        <discount>0.25</discount>
        <price>719.41</price>
        <price-with-discount>539.5575</price-with-discount>
    </sale>
    <sale>
        <car make="Fiat" model="Freemont" travelled-distance="92233685477"/>
        <customer-name>Faustina Burgher</customer-name>
        <discount>0.1</discount>
        <price>3643.2999999999993</price>
        <price-with-discount>3278.9699999999993</price-with-discount>
    </sale>
    <sale>
        <car make="Citroen" model="C4" travelled-distance="213647"/>
        <customer-name>Natalie Poli</customer-name>
        <discount>0.15</discount>
        <price>2528.55</price>
        <price-with-discount>2149.2675</price-with-discount>
    </sale>
    <sale>
        <car make="Fiat" model="500L" travelled-distance="92233754775807"/>
        <customer-name>Hipolito Lamoreaux</customer-name>
        <discount>0.45</discount>
        <price>5600.909999999998</price>
        <price-with-discount>3080.5004999999987</price-with-discount>
    </sale>
    <sale>
        <car make="Seat" model="Mii" travelled-distance="21447"/>
        <customer-name>Johnette Derryberry</customer-name>
        <discount>0.45</discount>
        <price>1044.48</price>
        <price-with-discount>574.464</price-with-discount>
    </sale>
    <sale>
        <car make="Opel" model="Insignia" travelled-distance="2147483647"/>
        <customer-name>Emmitt Benally</customer-name>
        <discount>0.25</discount>
        <price>2132.83</price>
        <price-with-discount>1599.6225</price-with-discount>
    </sale>
    <sale>
        <car make="Toyota" model="Tacoma" travelled-distance="94775807"/>
        <customer-name>Rico Peer</customer-name>
        <discount>0.35</discount>
        <price>1711.75</price>
        <price-with-discount>1112.6375</price-with-discount>
    </sale>
    <sale>
        <car make="Nissan" model="Rogue" travelled-distance="9223807"/>
        <customer-name>Louann Holzworth</customer-name>
        <discount>0.2</discount>
        <price>1083.3500000000001</price>
        <price-with-discount>866.6800000000001</price-with-discount>
    </sale>
    <sale>
        <car make="Nissan" model="Altima" travelled-distance="9224775807"/>
        <customer-name>Zada Attwood</customer-name>
        <discount>0.35</discount>
        <price>2334.0</price>
        <price-with-discount>1517.1</price-with-discount>
    </sale>
    <sale>
        <car make="Rolls-Royce" model="Wraith" travelled-distance="2147483647"/>
        <customer-name>Garret Capron</customer-name>
        <discount>0.1</discount>
        <price>6037.819999999999</price>
        <price-with-discount>5434.037999999999</price-with-discount>
    </sale>
    <sale>
        <car make="Toyota" model="Tacoma" travelled-distance="927"/>
        <customer-name>Taina Achenbach</customer-name>
        <discount>0.0</discount>
        <price>2802.25</price>
        <price-with-discount>2802.25</price-with-discount>
    </sale>
    <sale>
        <car make="Toyota" model="Prius" travelled-distance="92233775807"/>
        <customer-name>Hai Everton</customer-name>
        <discount>0.05</discount>
        <price>1285.0900000000001</price>
        <price-with-discount>1220.8355000000001</price-with-discount>
    </sale>
    <sale>
        <car make="Nissan" model="Altima" travelled-distance="9224775807"/>
        <customer-name>Audrea Cardinal</customer-name>
        <discount>0.4</discount>
        <price>2334.0</price>
        <price-with-discount>1400.4</price-with-discount>
    </sale>
    <sale>
        <car make="Mercedes" model="A 160 CDI" travelled-distance="4775807"/>
        <customer-name>Johnette Derryberry</customer-name>
        <discount>0.2</discount>
        <price>3723.1599999999994</price>
        <price-with-discount>2978.5279999999993</price-with-discount>
    </sale>
    <sale>
        <car make="Citroen" model="C8" travelled-distance="2147447"/>
        <customer-name>Zada Attwood</customer-name>
        <discount>0.1</discount>
        <price>6214.819999999998</price>
        <price-with-discount>5593.337999999998</price-with-discount>
    </sale>
    <sale>
        <car make="Great Wall" model="Haval H6" travelled-distance="214747"/>
        <customer-name>Carri Knapik</customer-name>
        <discount>0.05</discount>
        <price>3868.0799999999986</price>
        <price-with-discount>3674.6759999999986</price-with-discount>
    </sale>
    <sale>
        <car make="Ferrari" model="250 GTO" travelled-distance="214747"/>
        <customer-name>Rico Peer</customer-name>
        <discount>0.05</discount>
        <price>8714.16</price>
        <price-with-discount>8278.452</price-with-discount>
    </sale>
    <sale>
        <car make="Ford" model="Taurus" travelled-distance="9223375807"/>
        <customer-name>Carole Witman</customer-name>
        <discount>0.2</discount>
        <price>3455.76</price>
        <price-with-discount>2764.608</price-with-discount>
    </sale>
    <sale>
        <car make="Toyota" model="Yaris" travelled-distance="9207"/>
        <customer-name>Cinthia Lasala</customer-name>
        <discount>0.1</discount>
        <price>5577.49</price>
        <price-with-discount>5019.741</price-with-discount>
    </sale>
    <sale>
        <car make="Peugeot" model="405" travelled-distance="9226854775807"/>
        <customer-name>Oren Perlman</customer-name>
        <discount>0.2</discount>
        <price>2232.24</price>
        <price-with-discount>1785.792</price-with-discount>
    </sale>
    <sale>
        <car make="Ford" model="Ranger" travelled-distance="9223372007"/>
        <customer-name>Daniele Zarate</customer-name>
        <discount>0.05</discount>
        <price>4852.9</price>
        <price-with-discount>4610.254999999999</price-with-discount>
    </sale>
    <sale>
        <car make="Opel" model="Astra" travelled-distance="922337203685807"/>
        <customer-name>Marcelle Griego</customer-name>
        <discount>0.15</discount>
        <price>3489.25</price>
        <price-with-discount>2965.8625</price-with-discount>
    </sale>
    <sale>
        <car make="Ford" model="Torino" travelled-distance="922337807"/>
        <customer-name>Teddy Hobby</customer-name>
        <discount>0.2</discount>
        <price>2635.16</price>
        <price-with-discount>2108.1279999999997</price-with-discount>
    </sale>
    <sale>
        <car make="Toyota" model="Prius" travelled-distance="922337203685"/>
        <customer-name>Emmitt Benally</customer-name>
        <discount>0.05</discount>
        <price>2382.81</price>
        <price-with-discount>2263.6695</price-with-discount>
    </sale>
    <sale>
        <car make="Mercedes" model="W202" travelled-distance="92233754775807"/>
        <customer-name>Carri Knapik</customer-name>
        <discount>0.35</discount>
        <price>682.66</price>
        <price-with-discount>443.729</price-with-discount>
    </sale>
    <sale>
        <car make="Fiat" model="500L" travelled-distance="922337204775807"/>
        <customer-name>Hipolito Lamoreaux</customer-name>
        <discount>0.1</discount>
        <price>984.6600000000001</price>
        <price-with-discount>886.1940000000001</price-with-discount>
    </sale>
    <sale>
        <car make="Mercedes" model="W124" travelled-distance="922336854775807"/>
        <customer-name>Daniele Zarate</customer-name>
        <discount>0.4</discount>
        <price>1182.5700000000002</price>
        <price-with-discount>709.5420000000001</price-with-discount>
    </sale>
    <sale>
        <car make="Peugeot" model="405" travelled-distance="92036854775807"/>
        <customer-name>Hai Everton</customer-name>
        <discount>0.25</discount>
        <price>4612.459999999999</price>
        <price-with-discount>3459.3449999999993</price-with-discount>
    </sale>
    <sale>
        <car make="Toyota" model="Corolla" travelled-distance="92235807"/>
        <customer-name>Marcelle Griego</customer-name>
        <discount>0.05</discount>
        <price>638.7</price>
        <price-with-discount>606.7650000000001</price-with-discount>
    </sale>
    <sale>
        <car make="Citroen" model="C1" travelled-distance="92236854775807"/>
        <customer-name>Brett Brickley</customer-name>
        <discount>0.2</discount>
        <price>1680.92</price>
        <price-with-discount>1344.736</price-with-discount>
    </sale>
    <sale>
        <car make="Ferrari" model="275" travelled-distance="92854775807"/>
        <customer-name>Zada Attwood</customer-name>
        <discount>0.05</discount>
        <price>857.2</price>
        <price-with-discount>814.34</price-with-discount>
    </sale>
    <sale>
        <car make="Opel" model="Astra" travelled-distance="2147483647"/>
        <customer-name>Kristian Engberg</customer-name>
        <discount>0.3</discount>
        <price>2684.249999999999</price>
        <price-with-discount>1878.9749999999995</price-with-discount>
    </sale>
    <sale>
        <car make="Seat" model="Mii" travelled-distance="214747"/>
        <customer-name>Cinthia Lasala</customer-name>
        <discount>0.1</discount>
        <price>2650.55</price>
        <price-with-discount>2385.4950000000003</price-with-discount>
    </sale>
    <sale>
        <car make="Mercedes" model="W211" travelled-distance="922775807"/>
        <customer-name>Carri Knapik</customer-name>
        <discount>0.25</discount>
        <price>7060.9</price>
        <price-with-discount>5295.674999999999</price-with-discount>
    </sale>
    <sale>
        <car make="Chevy" model="Camaro" travelled-distance="283647"/>
        <customer-name>Garret Capron</customer-name>
        <discount>0.1</discount>
        <price>2487.54</price>
        <price-with-discount>2238.786</price-with-discount>
    </sale>
    <sale>
        <car make="BMW" model="M6 E63" travelled-distance="214747"/>
        <customer-name>Brett Brickley</customer-name>
        <discount>0.15</discount>
        <price>4590.309999999999</price>
        <price-with-discount>3901.7634999999987</price-with-discount>
    </sale>
</sales>
