<?xml version="1.0" encoding="UTF-8" standalone="yes"?>
<cars>
    <car id="117" make="Toyota" model="Camry Hybrid" travelled-distance="954775807"/>
    <car id="112" make="Toyota" model="Camry Hybrid" travelled-distance="92275807"/>
    <car id="134" make="Toyota" model="Camry Hybrid" travelled-distance="2143647"/>
    <car id="139" make="Toyota" model="Camry Hybrid" travelled-distance="214647"/>
    <car id="136" make="Toyota" model="Camry Hybrid" travelled-distance="214647"/>
    <car id="109" make="Toyota" model="Corolla" travelled-distance="9223854775807"/>
    <car id="113" make="Toyota" model="Corolla" travelled-distance="92235807"/>
    <car id="115" make="Toyota" model="Corolla" travelled-distance="9223807"/>
    <car id="122" make="Toyota" model="Corolla" travelled-distance="975807"/>
    <car id="124" make="Toyota" model="Corolla" travelled-distance="21477"/>
    <car id="120" make="Toyota" model="Corolla" travelled-distance="2147"/>
    <car id="130" make="Toyota" model="Prius" travelled-distance="9223354775807"/>
    <car id="111" make="Toyota" model="Prius" travelled-distance="922337203685"/>
    <car id="128" make="Toyota" model="Prius" travelled-distance="92233775807"/>
    <car id="132" make="Toyota" model="Prius" travelled-distance="92233775807"/>
    <car id="104" make="Toyota" model="Prius" travelled-distance="9223372037"/>
    <car id="135" make="Toyota" model="Prius" travelled-distance="922337807"/>
    <car id="108" make="Toyota" model="Prius" travelled-distance="922337207"/>
    <car id="137" make="Toyota" model="Prius" travelled-distance="922335807"/>
    <car id="118" make="Toyota" model="Prius" travelled-distance="925807"/>
    <car id="125" make="Toyota" model="Prius" travelled-distance="283647"/>
    <car id="106" make="Toyota" model="Prius" travelled-distance="214747"/>
    <car id="114" make="Toyota" model="Prius" travelled-distance="21477"/>
    <car id="121" make="Toyota" model="Prius" travelled-distance="21477"/>
    <car id="105" make="Toyota" model="Tacoma" travelled-distance="96854775807"/>
    <car id="119" make="Toyota" model="Tacoma" travelled-distance="922337807"/>
    <car id="107" make="Toyota" model="Tacoma" travelled-distance="94775807"/>
    <car id="138" make="Toyota" model="Tacoma" travelled-distance="21474647"/>
    <car id="116" make="Toyota" model="Tacoma" travelled-distance="9225807"/>
    <car id="133" make="Toyota" model="Tacoma" travelled-distance="2147"/>
    <car id="126" make="Toyota" model="Tacoma" travelled-distance="927"/>
    <car id="129" make="Toyota" model="Tacoma" travelled-distance="247"/>
    <car id="123" make="Toyota" model="Yaris" travelled-distance="94775807"/>
    <car id="110" make="Toyota" model="Yaris" travelled-distance="21477"/>
    <car id="131" make="Toyota" model="Yaris" travelled-distance="21477"/>
    <car id="127" make="Toyota" model="Yaris" travelled-distance="9207"/>
</cars>
